{
  "baseline": {
    "median": 5.330234945265531,
    "p16": 4.339491298859612,
    "p84": 6.5524622076316215,
    "P_BH_3": 0.997246,
    "P_BH_5": 0.621924
  },
  "M1_sweep": {
    "3.0": {
      "median": 3.0342414296320523,
      "P_BH_3": 0.534346,
      "P_BH_5": 2e-06
    },
    "5.0": {
      "median": 3.9511534845438785,
      "P_BH_3": 0.986194,
      "P_BH_5": 0.012394
    },
    "7.0": {
      "median": 4.737699885267402,
      "P_BH_3": 0.999784,
      "P_BH_5": 0.304562
    },
    "9.18": {
      "median": 5.503047789915854,
      "P_BH_3": 0.999996,
      "P_BH_5": 0.810374
    },
    "12.0": {
      "median": 6.398219845175527,
      "P_BH_3": 1.0,
      "P_BH_5": 0.984112
    },
    "15.0": {
      "median": 7.267237980694326,
      "P_BH_3": 1.0,
      "P_BH_5": 0.998952
    }
  },
  "parallax_sweep": {
    "plx=1.6464": {
      "distance_pc": 607.3858114674441,
      "M1_est": 12.39109714223867,
      "M2_median": 6.515739940465868,
      "P_BH_5": 0.98879
    },
    "plx=1.5581": {
      "distance_pc": 641.8073294397021,
      "M1_est": 12.854931939790571,
      "M2_median": 6.651094868652578,
      "P_BH_5": 0.993056
    },
    "plx=1.4698": {
      "distance_pc": 680.3646754660498,
      "M1_est": 13.364760217269819,
      "M2_median": 6.802160923879644,
      "P_BH_5": 0.99562
    },
    "plx=1.3815": {
      "distance_pc": 723.8508867173363,
      "M1_est": 13.928341523718316,
      "M2_median": 6.966425577430476,
      "P_BH_5": 0.997274
    },
    "plx=1.2932": {
      "distance_pc": 773.2755954222085,
      "M1_est": 14.555357251522722,
      "M2_median": 7.143618727268352,
      "P_BH_5": 0.998404
    }
  },
  "BH_threshold_sweep": {
    "2.5": 0.999888,
    "3.0": 0.997246,
    "3.5": 0.979344,
    "4.0": 0.918034,
    "5.0": 0.621924,
    "6.0": 0.284206,
    "7.0": 0.095014,
    "8.0": 0.02583
  }
}